{"cameraMode":{"drawMode":0,"name":"Shaded","section":"Shading Mode"},"sceneLighting":true,"audioPlay":false,"sceneViewState":{"showFog":true,"showMaterialUpdate":false,"showSkybox":true,"showFlares":true,"showImageEffects":true,"showParticleSystems":true},"in2DMode":false,"pivot":{"x":-42.64716339111328,"y":-117.90485382080078,"z":316.31634521484377},"rotation":{"x":-0.0032690882217139007,"y":0.968507707118988,"z":-0.24874348938465119,"w":-0.012793440371751786},"size":364.3461608886719,"orthographic":true}