{"cameraMode":{"drawMode":0,"name":"Shaded","section":"Shading Mode"},"sceneLighting":true,"audioPlay":false,"sceneViewState":{"showFog":true,"showMaterialUpdate":false,"showSkybox":true,"showFlares":true,"showImageEffects":true,"showParticleSystems":true},"in2DMode":false,"pivot":{"x":74.88209533691406,"y":-103.3432846069336,"z":534.0794677734375},"rotation":{"x":0.0023068145383149387,"y":0.8766627907752991,"z":-0.4810859262943268,"w":0.004204903729259968},"size":154.5431671142578,"orthographic":false}