{"cameraMode":{"drawMode":0,"name":"Shaded","section":"Shading Mode"},"sceneLighting":true,"audioPlay":false,"sceneViewState":{"showFog":true,"showMaterialUpdate":false,"showSkybox":true,"showFlares":true,"showImageEffects":true,"showParticleSystems":true},"in2DMode":false,"pivot":{"x":7.582420349121094,"y":24.820167541503908,"z":3.74456787109375},"rotation":{"x":-0.09154018759727478,"y":0.9083085060119629,"z":-0.2797884941101074,"w":-0.29717686772346499},"size":293.6252746582031,"orthographic":false}