{"cameraMode":{"drawMode":0,"name":"Shaded","section":"Shading Mode"},"sceneLighting":true,"audioPlay":false,"sceneViewState":{"showFog":true,"showMaterialUpdate":false,"showSkybox":true,"showFlares":true,"showImageEffects":true,"showParticleSystems":true},"in2DMode":false,"pivot":{"x":-17.964614868164064,"y":44.94285583496094,"z":686.6181640625},"rotation":{"x":-0.09776002168655396,"y":0.6810691952705383,"z":-0.09250690042972565,"w":-0.7197439074516296},"size":155.15020751953126,"orthographic":true}