{"cameraMode":{"drawMode":0,"name":"Shaded","section":"Shading Mode"},"sceneLighting":false,"audioPlay":false,"sceneViewState":{"showFog":true,"showMaterialUpdate":false,"showSkybox":false,"showFlares":true,"showImageEffects":true,"showParticleSystems":true},"in2DMode":false,"pivot":{"x":-18.262123107910158,"y":32.39110565185547,"z":283.1160888671875},"rotation":{"x":0.0014959878753870726,"y":-0.9949026107788086,"z":0.014924661256372929,"w":0.099720798432827},"size":76.5274887084961,"orthographic":false}