{"cameraMode":{"drawMode":0,"name":"Shaded","section":"Shading Mode"},"sceneLighting":true,"audioPlay":false,"sceneViewState":{"showFog":true,"showMaterialUpdate":false,"showSkybox":true,"showFlares":true,"showImageEffects":true,"showParticleSystems":true},"in2DMode":false,"pivot":{"x":1.1117527484893799,"y":19.48934555053711,"z":801.5125732421875},"rotation":{"x":0.01941385120153427,"y":0.9783528447151184,"z":-0.17530500888824464,"w":0.10845208913087845},"size":72.89208221435547,"orthographic":true}