{"cameraMode":{"drawMode":0,"name":"Shaded","section":"Shading Mode"},"sceneLighting":false,"audioPlay":false,"sceneViewState":{"showFog":true,"showMaterialUpdate":false,"showSkybox":false,"showFlares":true,"showImageEffects":true,"showParticleSystems":true},"in2DMode":false,"pivot":{"x":-3.4461517333984377,"y":38.060142517089847,"z":341.5107116699219},"rotation":{"x":0.1040581539273262,"y":-0.6736428141593933,"z":0.09664923697710037,"w":0.7252835631370544},"size":47.88893127441406,"orthographic":false}