{"cameraMode":{"drawMode":0,"name":"Shaded","section":"Shading Mode"},"sceneLighting":true,"audioPlay":false,"sceneViewState":{"showFog":true,"showMaterialUpdate":false,"showSkybox":true,"showFlares":true,"showImageEffects":true,"showParticleSystems":true},"in2DMode":false,"pivot":{"x":-29.98198699951172,"y":-5.273258209228516,"z":822.8158569335938},"rotation":{"x":0.08208124339580536,"y":0.8938387632369995,"z":-0.4010997414588928,"w":0.18296481668949128},"size":276.2236328125,"orthographic":true}