{"cameraMode":{"drawMode":0,"name":"Shaded","section":"Shading Mode"},"sceneLighting":false,"audioPlay":false,"sceneViewState":{"showFog":true,"showMaterialUpdate":false,"showSkybox":false,"showFlares":true,"showImageEffects":true,"showParticleSystems":true},"in2DMode":false,"pivot":{"x":1.8308448791503907,"y":23.802127838134767,"z":700.9107666015625},"rotation":{"x":0.04124986752867699,"y":-0.7692495584487915,"z":0.04991829767823219,"w":0.6356605887413025},"size":29.085805892944337,"orthographic":true}