{"cameraMode":{"drawMode":0,"name":"Shaded","section":"Shading Mode"},"sceneLighting":false,"audioPlay":false,"sceneViewState":{"showFog":true,"showMaterialUpdate":false,"showSkybox":false,"showFlares":true,"showImageEffects":true,"showParticleSystems":true},"in2DMode":false,"pivot":{"x":1.8308448791503907,"y":23.802127838134767,"z":800.9107666015625},"rotation":{"x":0.08208124339580536,"y":0.8938387632369995,"z":-0.4010997414588928,"w":0.18296481668949128},"size":29.085805892944337,"orthographic":true}