{"cameraMode":{"drawMode":0,"name":"Shaded","section":"Shading Mode"},"sceneLighting":false,"audioPlay":false,"sceneViewState":{"showFog":true,"showMaterialUpdate":false,"showSkybox":false,"showFlares":true,"showImageEffects":true,"showParticleSystems":true},"in2DMode":false,"pivot":{"x":1.5811982154846192,"y":29.444303512573243,"z":793.8465576171875},"rotation":{"x":0.004241567105054855,"y":0.9900030493736267,"z":-0.13779784739017487,"w":0.03060056082904339},"size":39.053245544433597,"orthographic":true}