{"cameraMode":{"drawMode":0,"name":"Shaded","section":"Shading Mode"},"sceneLighting":false,"audioPlay":false,"sceneViewState":{"showFog":true,"showMaterialUpdate":false,"showSkybox":false,"showFlares":true,"showImageEffects":true,"showParticleSystems":true},"in2DMode":false,"pivot":{"x":0.0,"y":19.59945297241211,"z":800.9107666015625},"rotation":{"x":0.004241567105054855,"y":0.9900030493736267,"z":-0.13779784739017487,"w":0.03060056082904339},"size":23.90403938293457,"orthographic":true}