{"cameraMode":{"drawMode":0,"name":"Shaded","section":"Shading Mode"},"sceneLighting":true,"audioPlay":false,"sceneViewState":{"showFog":true,"showMaterialUpdate":false,"showSkybox":true,"showFlares":true,"showImageEffects":true,"showParticleSystems":true},"in2DMode":false,"pivot":{"x":-48.264137268066409,"y":-16.515609741210939,"z":532.763671875},"rotation":{"x":-0.00930730439722538,"y":-0.967522919178009,"z":0.25003841519355776,"w":-0.03601239621639252},"size":273.3214416503906,"orthographic":false}