{"cameraMode":{"drawMode":0,"name":"Shaded","section":"Shading Mode"},"sceneLighting":true,"audioPlay":false,"sceneViewState":{"showFog":true,"showMaterialUpdate":false,"showSkybox":true,"showFlares":true,"showImageEffects":true,"showParticleSystems":true},"in2DMode":false,"pivot":{"x":27.29502296447754,"y":29.63568878173828,"z":676.2373657226563},"rotation":{"x":0.0813107118010521,"y":-0.7989466190338135,"z":0.11095943301916123,"w":0.5854629278182983},"size":187.80006408691407,"orthographic":false}