{"cameraMode":{"drawMode":0,"name":"Shaded","section":"Shading Mode"},"sceneLighting":true,"audioPlay":false,"sceneViewState":{"showFog":true,"showMaterialUpdate":false,"showSkybox":true,"showFlares":true,"showImageEffects":true,"showParticleSystems":true},"in2DMode":false,"pivot":{"x":-95.82170104980469,"y":6.775974273681641,"z":633.4428100585938},"rotation":{"x":0.13006095588207246,"y":-0.7355657815933228,"z":0.147576242685318,"w":0.64826899766922},"size":81.35617065429688,"orthographic":true}