{"cameraMode":{"drawMode":0,"name":"Shaded","section":"Shading Mode"},"sceneLighting":true,"audioPlay":false,"sceneViewState":{"showFog":true,"showMaterialUpdate":false,"showSkybox":true,"showFlares":true,"showImageEffects":true,"showParticleSystems":true},"in2DMode":false,"pivot":{"x":-0.009787559509277344,"y":19.48934555053711,"z":775.6473999023438},"rotation":{"x":-0.09776002168655396,"y":0.6810691952705383,"z":-0.09250690042972565,"w":-0.7197439074516296},"size":22.133785247802736,"orthographic":true}