{"cameraMode":{"drawMode":0,"name":"Shaded","section":"Shading Mode"},"sceneLighting":false,"audioPlay":false,"sceneViewState":{"showFog":true,"showMaterialUpdate":false,"showSkybox":false,"showFlares":true,"showImageEffects":true,"showParticleSystems":true},"in2DMode":false,"pivot":{"x":0.008141517639160157,"y":19.489349365234376,"z":499.3525695800781},"rotation":{"x":0.001433068886399269,"y":0.9935843348503113,"z":-0.11255449056625366,"w":0.012817732989788056},"size":22.133249282836915,"orthographic":true}