{"cameraMode":{"drawMode":0,"name":"Shaded","section":"Shading Mode"},"sceneLighting":true,"audioPlay":false,"sceneViewState":{"showFog":true,"showMaterialUpdate":false,"showSkybox":true,"showFlares":true,"showImageEffects":true,"showParticleSystems":true},"in2DMode":false,"pivot":{"x":-109.76658630371094,"y":19.48934555053711,"z":650.0},"rotation":{"x":-0.042376525700092319,"y":-0.9551025032997131,"z":0.1687716841697693,"w":-0.2398143857717514},"size":130.36256408691407,"orthographic":true}