{"cameraMode":{"drawMode":0,"name":"Shaded","section":"Shading Mode"},"sceneLighting":true,"audioPlay":false,"sceneViewState":{"showFog":true,"showMaterialUpdate":false,"showSkybox":true,"showFlares":true,"showImageEffects":true,"showParticleSystems":true},"in2DMode":false,"pivot":{"x":-30.154247283935548,"y":158.13485717773438,"z":788.615234375},"rotation":{"x":-0.00727892154827714,"y":0.9926763772964478,"z":-0.07788262516260147,"w":-0.09263351559638977},"size":150.70521545410157,"orthographic":true}