{"cameraMode":{"drawMode":0,"name":"Shaded","section":"Shading Mode"},"sceneLighting":false,"audioPlay":false,"sceneViewState":{"showFog":true,"showMaterialUpdate":false,"showSkybox":false,"showFlares":true,"showImageEffects":true,"showParticleSystems":true},"in2DMode":false,"pivot":{"x":1.8308448791503907,"y":23.936176300048829,"z":699.3422241210938},"rotation":{"x":0.003167377319186926,"y":-0.9960543513298035,"z":0.07935312390327454,"w":0.039761364459991458},"size":28.04180908203125,"orthographic":false}