{"cameraMode":{"drawMode":0,"name":"Shaded","section":"Shading Mode"},"sceneLighting":false,"audioPlay":false,"sceneViewState":{"showFog":true,"showMaterialUpdate":false,"showSkybox":false,"showFlares":true,"showImageEffects":true,"showParticleSystems":true},"in2DMode":false,"pivot":{"x":-0.11025047302246094,"y":26.118961334228517,"z":693.6205444335938},"rotation":{"x":-0.09776002168655396,"y":0.6810691952705383,"z":-0.09250690042972565,"w":-0.7197439074516296},"size":35.686248779296878,"orthographic":true}