{"cameraMode":{"drawMode":0,"name":"Shaded","section":"Shading Mode"},"sceneLighting":false,"audioPlay":false,"sceneViewState":{"showFog":true,"showMaterialUpdate":false,"showSkybox":false,"showFlares":true,"showImageEffects":true,"showParticleSystems":true},"in2DMode":false,"pivot":{"x":0.8851299285888672,"y":-1.6621627807617188,"z":704.149169921875},"rotation":{"x":0.0748898983001709,"y":0.9224113821983337,"z":-0.3020986318588257,"w":0.2286645621061325},"size":30.580501556396486,"orthographic":false}