{"cameraMode":{"drawMode":0,"name":"Shaded","section":"Shading Mode"},"sceneLighting":true,"audioPlay":false,"sceneViewState":{"showFog":true,"showMaterialUpdate":false,"showSkybox":true,"showFlares":true,"showImageEffects":true,"showParticleSystems":true},"in2DMode":false,"pivot":{"x":7.5450439453125,"y":26.458946228027345,"z":620.219970703125},"rotation":{"x":-0.13969539105892182,"y":-0.858581006526947,"z":0.3181809186935425,"w":-0.3769529163837433},"size":311.5213317871094,"orthographic":false}