{"cameraMode":{"drawMode":0,"name":"Shaded","section":"Shading Mode"},"sceneLighting":true,"audioPlay":false,"sceneViewState":{"showFog":true,"showMaterialUpdate":false,"showSkybox":true,"showFlares":true,"showImageEffects":true,"showParticleSystems":true},"in2DMode":false,"pivot":{"x":-0.04545259475708008,"y":19.489349365234376,"z":700.405517578125},"rotation":{"x":-0.009493107907474041,"y":0.9901476502418518,"z":-0.1115632876753807,"w":-0.08426612615585327},"size":39.36894226074219,"orthographic":true}