{"cameraMode":{"drawMode":0,"name":"Shaded","section":"Shading Mode"},"sceneLighting":false,"audioPlay":false,"sceneViewState":{"showFog":true,"showMaterialUpdate":false,"showSkybox":false,"showFlares":true,"showImageEffects":true,"showParticleSystems":true},"in2DMode":false,"pivot":{"x":-0.4799966812133789,"y":50.50465393066406,"z":-1.262481689453125},"rotation":{"x":-0.23253129422664643,"y":0.43067219853401186,"z":-0.1158611997961998,"w":-0.864368736743927},"size":92.03826904296875,"orthographic":true}