{"cameraMode":{"drawMode":0,"name":"Shaded","section":"Shading Mode"},"sceneLighting":true,"audioPlay":false,"sceneViewState":{"showFog":true,"showMaterialUpdate":false,"showSkybox":true,"showFlares":true,"showImageEffects":true,"showParticleSystems":true},"in2DMode":false,"pivot":{"x":-6.707831382751465,"y":-187.85748291015626,"z":457.404541015625},"rotation":{"x":0.003143918700516224,"y":-0.8332052230834961,"z":0.5529552102088928,"w":0.004762229975312948},"size":487.55157470703127,"orthographic":false}