{"cameraMode":{"drawMode":0,"name":"Shaded","section":"Shading Mode"},"sceneLighting":true,"audioPlay":false,"sceneViewState":{"showFog":true,"showMaterialUpdate":false,"showSkybox":true,"showFlares":true,"showImageEffects":true,"showParticleSystems":true},"in2DMode":false,"pivot":{"x":-43.001373291015628,"y":-22.148757934570314,"z":709.1068725585938},"rotation":{"x":-0.005389126017689705,"y":0.9770867228507996,"z":-0.21132498979568482,"w":-0.024921398609876634},"size":170.055419921875,"orthographic":false}