{"cameraMode":{"drawMode":0,"name":"Shaded","section":"Shading Mode"},"sceneLighting":true,"audioPlay":false,"sceneViewState":{"showFog":true,"showMaterialUpdate":false,"showSkybox":true,"showFlares":true,"showImageEffects":true,"showParticleSystems":true},"in2DMode":false,"pivot":{"x":-34.16087341308594,"y":69.39266967773438,"z":682.0072631835938},"rotation":{"x":0.015677236020565034,"y":-0.7569061517715454,"z":0.018169255927205087,"w":0.6530848741531372},"size":108.49700164794922,"orthographic":true}