{"cameraMode":{"drawMode":0,"name":"Shaded","section":"Shading Mode"},"sceneLighting":true,"audioPlay":false,"sceneViewState":{"showFog":true,"showMaterialUpdate":false,"showSkybox":true,"showFlares":true,"showImageEffects":true,"showParticleSystems":true},"in2DMode":false,"pivot":{"x":3.4461517333984377,"y":24.13500213623047,"z":813.0},"rotation":{"x":0.16461986303329469,"y":0.693088948726654,"z":-0.16740837693214417,"w":0.6815446019172669},"size":60.90993118286133,"orthographic":false}