{"cameraMode":{"drawMode":0,"name":"Shaded","section":"Shading Mode"},"sceneLighting":false,"audioPlay":false,"sceneViewState":{"showFog":true,"showMaterialUpdate":false,"showSkybox":false,"showFlares":true,"showImageEffects":true,"showParticleSystems":true},"in2DMode":false,"pivot":{"x":1.8308448791503907,"y":23.815826416015626,"z":700.9107666015625},"rotation":{"x":0.0001754865370457992,"y":0.999769389629364,"z":0.019497975707054139,"w":-0.008998168632388115},"size":29.074403762817384,"orthographic":true}