{"cameraMode":{"drawMode":0,"name":"Shaded","section":"Shading Mode"},"sceneLighting":true,"audioPlay":false,"sceneViewState":{"showFog":true,"showMaterialUpdate":false,"showSkybox":true,"showFlares":true,"showImageEffects":true,"showParticleSystems":true},"in2DMode":false,"pivot":{"x":-37.18247985839844,"y":-50.98788833618164,"z":643.1842041015625},"rotation":{"x":0.2524246871471405,"y":-0.697626531124115,"z":0.2916693389415741,"w":0.6037652492523193},"size":115.69666290283203,"orthographic":true}