{"cameraMode":{"drawMode":0,"name":"Shaded","section":"Shading Mode"},"sceneLighting":true,"audioPlay":false,"sceneViewState":{"showFog":true,"showMaterialUpdate":false,"showSkybox":true,"showFlares":true,"showImageEffects":true,"showParticleSystems":true},"in2DMode":false,"pivot":{"x":-4.437492370605469,"y":76.33718872070313,"z":644.7158813476563},"rotation":{"x":-0.07689009606838227,"y":-0.8322449922561646,"z":0.11940363049507141,"w":-0.5359137058258057},"size":150.069580078125,"orthographic":true}