{"cameraMode":{"drawMode":0,"name":"Shaded","section":"Shading Mode"},"sceneLighting":true,"audioPlay":false,"sceneViewState":{"showFog":true,"showMaterialUpdate":false,"showSkybox":true,"showFlares":true,"showImageEffects":true,"showParticleSystems":true},"in2DMode":false,"pivot":{"x":303.79608154296877,"y":443.02972412109377,"z":699.4683837890625},"rotation":{"x":0.001433068886399269,"y":0.9935843348503113,"z":-0.11255449056625366,"w":0.012817732989788056},"size":279.1003112792969,"orthographic":true}