{"cameraMode":{"drawMode":0,"name":"Shaded","section":"Shading Mode"},"sceneLighting":true,"audioPlay":false,"sceneViewState":{"showFog":true,"showMaterialUpdate":false,"showSkybox":true,"showFlares":true,"showImageEffects":true,"showParticleSystems":true},"in2DMode":false,"pivot":{"x":-53.534297943115237,"y":89.02517700195313,"z":810.386474609375},"rotation":{"x":0.01624848134815693,"y":0.9780687093734741,"z":-0.19043384492397309,"w":0.08347202092409134},"size":115.82666015625,"orthographic":true}