{"cameraMode":{"drawMode":0,"name":"Shaded","section":"Shading Mode"},"sceneLighting":false,"audioPlay":false,"sceneViewState":{"showFog":true,"showMaterialUpdate":false,"showSkybox":false,"showFlares":true,"showImageEffects":true,"showParticleSystems":true},"in2DMode":false,"pivot":{"x":0.012164115905761719,"y":29.213993072509767,"z":-0.9710960388183594},"rotation":{"x":-0.003491243813186884,"y":0.9905874133110046,"z":-0.13484790921211244,"w":-0.02562534064054489},"size":33.217838287353519,"orthographic":false}