{"cameraMode":{"drawMode":0,"name":"Shaded","section":"Shading Mode"},"sceneLighting":true,"audioPlay":false,"sceneViewState":{"showFog":true,"showMaterialUpdate":false,"showSkybox":true,"showFlares":true,"showImageEffects":true,"showParticleSystems":true},"in2DMode":false,"pivot":{"x":55.900001525878909,"y":80.95999908447266,"z":811.1400146484375},"rotation":{"x":0.05923718959093094,"y":-0.9315435290336609,"z":0.17674057185649873,"w":0.31222105026245119},"size":31.656814575195314,"orthographic":false}