{"cameraMode":{"drawMode":0,"name":"Shaded","section":"Shading Mode"},"sceneLighting":true,"audioPlay":false,"sceneViewState":{"showFog":true,"showMaterialUpdate":false,"showSkybox":true,"showFlares":true,"showImageEffects":true,"showParticleSystems":true},"in2DMode":false,"pivot":{"x":1.8931727409362794,"y":23.800804138183595,"z":525.8837280273438},"rotation":{"x":0.0813107118010521,"y":-0.7989466190338135,"z":0.11095943301916123,"w":0.5854629278182983},"size":268.93389892578127,"orthographic":false}