{"cameraMode":{"drawMode":0,"name":"Shaded","section":"Shading Mode"},"sceneLighting":true,"audioPlay":false,"sceneViewState":{"showFog":true,"showMaterialUpdate":false,"showSkybox":true,"showFlares":true,"showImageEffects":true,"showParticleSystems":true},"in2DMode":false,"pivot":{"x":-34.09440231323242,"y":14.040519714355469,"z":643.9796142578125},"rotation":{"x":-0.03334873914718628,"y":-0.9374178051948547,"z":0.33371031284332278,"w":-0.09367845952510834},"size":41.756561279296878,"orthographic":true}