{"cameraMode":{"drawMode":0,"name":"Shaded","section":"Shading Mode"},"sceneLighting":false,"audioPlay":false,"sceneViewState":{"showFog":true,"showMaterialUpdate":false,"showSkybox":false,"showFlares":true,"showImageEffects":true,"showParticleSystems":true},"in2DMode":false,"pivot":{"x":-0.1642599105834961,"y":24.318557739257814,"z":820.1730346679688},"rotation":{"x":-0.007645267527550459,"y":0.9874904155731201,"z":-0.14954496920108796,"w":-0.05045292526483536},"size":28.684345245361329,"orthographic":true}