{"cameraMode":{"drawMode":0,"name":"Shaded","section":"Shading Mode"},"sceneLighting":true,"audioPlay":false,"sceneViewState":{"showFog":true,"showMaterialUpdate":false,"showSkybox":true,"showFlares":true,"showImageEffects":true,"showParticleSystems":true},"in2DMode":false,"pivot":{"x":-109.76658630371094,"y":19.48934555053711,"z":650.0},"rotation":{"x":-0.07689009606838227,"y":-0.8322449922561646,"z":0.11940363049507141,"w":-0.5359137058258057},"size":32.624969482421878,"orthographic":true}