{"cameraMode":{"drawMode":0,"name":"Shaded","section":"Shading Mode"},"sceneLighting":true,"audioPlay":false,"sceneViewState":{"showFog":true,"showMaterialUpdate":false,"showSkybox":true,"showFlares":true,"showImageEffects":true,"showParticleSystems":true},"in2DMode":false,"pivot":{"x":-109.76658630371094,"y":19.48934555053711,"z":650.0},"rotation":{"x":0.11558640748262406,"y":-0.8237545490264893,"z":0.18152807652950288,"w":0.5245187282562256},"size":32.624969482421878,"orthographic":true}