{"cameraMode":{"drawMode":0,"name":"Shaded","section":"Shading Mode"},"sceneLighting":false,"audioPlay":false,"sceneViewState":{"showFog":true,"showMaterialUpdate":false,"showSkybox":false,"showFlares":true,"showImageEffects":true,"showParticleSystems":true},"in2DMode":false,"pivot":{"x":-3.9526212215423586,"y":22.58683967590332,"z":701.7645874023438},"rotation":{"x":-0.0005195230478420854,"y":0.9987205266952515,"z":-0.010486949235200882,"w":-0.049477044492959979},"size":29.26363754272461,"orthographic":false}