{"cameraMode":{"drawMode":0,"name":"Shaded","section":"Shading Mode"},"sceneLighting":true,"audioPlay":false,"sceneViewState":{"showFog":true,"showMaterialUpdate":false,"showSkybox":true,"showFlares":true,"showImageEffects":true,"showParticleSystems":true},"in2DMode":false,"pivot":{"x":9.976361274719239,"y":27.77861213684082,"z":686.5303955078125},"rotation":{"x":0.004239202011376619,"y":0.9904111623764038,"z":-0.031208084896206857,"w":0.1345236450433731},"size":59.600067138671878,"orthographic":false}