{"cameraMode":{"drawMode":0,"name":"Shaded","section":"Shading Mode"},"sceneLighting":true,"audioPlay":false,"sceneViewState":{"showFog":true,"showMaterialUpdate":false,"showSkybox":true,"showFlares":true,"showImageEffects":true,"showParticleSystems":true},"in2DMode":false,"pivot":{"x":-0.028371810913085939,"y":19.59815216064453,"z":774.0621337890625},"rotation":{"x":0.005388262681663036,"y":0.9836073517799377,"z":-0.17777709662914277,"w":0.029813352972269059},"size":24.99129867553711,"orthographic":false}