{"cameraMode":{"drawMode":0,"name":"Shaded","section":"Shading Mode"},"sceneLighting":true,"audioPlay":false,"sceneViewState":{"showFog":true,"showMaterialUpdate":false,"showSkybox":true,"showFlares":true,"showImageEffects":true,"showParticleSystems":true},"in2DMode":false,"pivot":{"x":27.483409881591798,"y":41.80147171020508,"z":305.9146728515625},"rotation":{"x":-0.02403644099831581,"y":-0.9758493304252625,"z":0.16098858416080476,"w":-0.14569281041622163},"size":121.77908325195313,"orthographic":false}