{"cameraMode":{"drawMode":0,"name":"Shaded","section":"Shading Mode"},"sceneLighting":true,"audioPlay":false,"sceneViewState":{"showFog":true,"showMaterialUpdate":false,"showSkybox":true,"showFlares":true,"showImageEffects":true,"showParticleSystems":true},"in2DMode":false,"pivot":{"x":11.592437744140625,"y":30.607364654541017,"z":802.1390991210938},"rotation":{"x":0.1425444483757019,"y":0.8545374274253845,"z":-0.3129068613052368,"w":0.38933226466178896},"size":116.0345687866211,"orthographic":false}