{"cameraMode":{"drawMode":0,"name":"Shaded","section":"Shading Mode"},"sceneLighting":true,"audioPlay":false,"sceneViewState":{"showFog":true,"showMaterialUpdate":false,"showSkybox":true,"showFlares":true,"showImageEffects":true,"showParticleSystems":true},"in2DMode":false,"pivot":{"x":4.349522590637207,"y":33.28276443481445,"z":789.4218139648438},"rotation":{"x":0.08208124339580536,"y":0.8938387632369995,"z":-0.4010997414588928,"w":0.18296481668949128},"size":91.07748413085938,"orthographic":true}