{"cameraMode":{"drawMode":0,"name":"Shaded","section":"Shading Mode"},"sceneLighting":true,"audioPlay":false,"sceneViewState":{"showFog":true,"showMaterialUpdate":false,"showSkybox":true,"showFlares":true,"showImageEffects":true,"showParticleSystems":true},"in2DMode":false,"pivot":{"x":-0.46151065826416018,"y":49.859291076660159,"z":813.3880615234375},"rotation":{"x":-0.009577556513249874,"y":0.9809156060218811,"z":-0.1876325011253357,"w":-0.050070106983184817},"size":40.195396423339847,"orthographic":true}