{"cameraMode":{"drawMode":0,"name":"Shaded","section":"Shading Mode"},"sceneLighting":true,"audioPlay":false,"sceneViewState":{"showFog":true,"showMaterialUpdate":false,"showSkybox":true,"showFlares":true,"showImageEffects":true,"showParticleSystems":true},"in2DMode":false,"pivot":{"x":-137.2340087890625,"y":11.114761352539063,"z":640.3580932617188},"rotation":{"x":0.0813107118010521,"y":-0.7989466190338135,"z":0.11095943301916123,"w":0.5854629278182983},"size":29.076684951782228,"orthographic":false}