{"cameraMode":{"drawMode":0,"name":"Shaded","section":"Shading Mode"},"sceneLighting":false,"audioPlay":false,"sceneViewState":{"showFog":true,"showMaterialUpdate":false,"showSkybox":false,"showFlares":true,"showImageEffects":true,"showParticleSystems":true},"in2DMode":false,"pivot":{"x":0.0,"y":19.59945297241211,"z":700.9107666015625},"rotation":{"x":0.0001754865370457992,"y":0.999769389629364,"z":0.019497975707054139,"w":-0.008998168632388115},"size":23.90403938293457,"orthographic":true}