{"cameraMode":{"drawMode":0,"name":"Shaded","section":"Shading Mode"},"sceneLighting":false,"audioPlay":false,"sceneViewState":{"showFog":true,"showMaterialUpdate":false,"showSkybox":false,"showFlares":true,"showImageEffects":true,"showParticleSystems":true},"in2DMode":false,"pivot":{"x":1.173849105834961,"y":30.541278839111329,"z":600.9107666015625},"rotation":{"x":0.011821008287370205,"y":-0.9603704810142517,"z":0.04122430086135864,"w":0.27542656660079958},"size":39.79618835449219,"orthographic":false}