{"cameraMode":{"drawMode":0,"name":"Shaded","section":"Shading Mode"},"sceneLighting":false,"audioPlay":false,"sceneViewState":{"showFog":true,"showMaterialUpdate":false,"showSkybox":false,"showFlares":true,"showImageEffects":true,"showParticleSystems":true},"in2DMode":false,"pivot":{"x":1.8308448791503907,"y":23.81582260131836,"z":500.9107971191406},"rotation":{"x":0.0813107118010521,"y":-0.7989466190338135,"z":0.11095943301916123,"w":0.5854629278182983},"size":29.07439613342285,"orthographic":false}