{"cameraMode":{"drawMode":0,"name":"Shaded","section":"Shading Mode"},"sceneLighting":false,"audioPlay":false,"sceneViewState":{"showFog":true,"showMaterialUpdate":false,"showSkybox":false,"showFlares":true,"showImageEffects":true,"showParticleSystems":true},"in2DMode":false,"pivot":{"x":-3.4461517333984377,"y":71.82469177246094,"z":0.00001845627775765024},"rotation":{"x":-0.23253129422664643,"y":0.43067219853401186,"z":-0.1158611997961998,"w":-0.864368736743927},"size":24.41236114501953,"orthographic":true}