{"cameraMode":{"drawMode":0,"name":"Shaded","section":"Shading Mode"},"sceneLighting":false,"audioPlay":false,"sceneViewState":{"showFog":true,"showMaterialUpdate":false,"showSkybox":false,"showFlares":true,"showImageEffects":true,"showParticleSystems":true},"in2DMode":false,"pivot":{"x":0.9328022003173828,"y":42.997196197509769,"z":50.06138610839844},"rotation":{"x":-0.023917673155665399,"y":-0.9712164998054504,"z":0.2094438672065735,"w":-0.11090956628322602},"size":63.39545440673828,"orthographic":false}