{"cameraMode":{"drawMode":0,"name":"Shaded","section":"Shading Mode"},"sceneLighting":true,"audioPlay":false,"sceneViewState":{"showFog":true,"showMaterialUpdate":false,"showSkybox":true,"showFlares":true,"showImageEffects":true,"showParticleSystems":true},"in2DMode":false,"pivot":{"x":-4.437492370605469,"y":76.33718872070313,"z":644.7158813476563},"rotation":{"x":0.03631099686026573,"y":-0.9434372186660767,"z":0.3105527460575104,"w":0.11031348258256912},"size":131.50546264648438,"orthographic":true}